product_id,product_name,brand,model_series,ram_capacity,rom_capacity,original_price,sale_price,stock_status,product_status,source_site,crawl_date
1068287,Samsung Galaxy S26 5G 12GB 256GB,Samsung,Samsung Galaxy S26,12 GB,256 GB,20590000,20590000,In Stock,Active,cellphones.com.vn,6/21/2026 3:29
6239240,Xiaomi 17T Pro 5G 12GB 512GB,Xiaomi,Xiaomi 17T Pro,12 GB,512 GB,20490000,20490000,In Stock,Active,cellphones.com.vn,6/21/2026 3:29
7671684,OPPO Find X9s 12GB 256GB,OPPO,OPPO Find X9s,12 GB,256 GB,23990000,23990000,In Stock,Active,cellphones.com.vn,6/21/2026 3:29
3143389,HONOR 400 Pro 5G 12GB 512GB ,HONOR,HONOR 400 Pro,12 GB,512 GB,14990000,14990000,In Stock,Active,cellphones.com.vn,6/21/2026 3:29
8931046,HONOR X7d 8GB 128GB,HONOR,HONOR X7d,8 GB,128 GB,6090000,6090000,In Stock,Active,cellphones.com.vn,6/21/2026 3:29
9246284,iPhone 17 Pro 256GB | Chính hãng,Apple,iPhone 17 Pro,N/A,256 GB,33790000,33790000,In Stock,Active,cellphones.com.vn,6/21/2026 3:29
430219,OPPO Reno15 F 5G 8GB 256GB,OPPO,OPPO Reno15 F,8 GB,256 GB,11990000,11990000,In Stock,Active,cellphones.com.vn,6/21/2026 3:29
5078883,Nubia Neo 5 5G 8GB 128GB,Nubia,Nubia Neo 5,8 GB,128 GB,6990000,6990000,In Stock,Active,cellphones.com.vn,6/21/2026 3:29
7096228,OPPO Find X9 Ultra 12GB 512GB,OPPO,OPPO Find X9 Ultra,12 GB,512 GB,48990000,48990000,In Stock,Active,cellphones.com.vn,6/21/2026 3:29
9973208,Xiaomi 17T 5G 12GB 512GB,Xiaomi,Xiaomi 17T,12 GB,512 GB,16990000,16990000,In Stock,Active,cellphones.com.vn,6/21/2026 3:29
1935594,TECNO Spark Go 3 4GB 64GB,Tecno,TECNO Spark Go 3,4 GB,64 GB,3090000,3090000,In Stock,Active,cellphones.com.vn,6/21/2026 3:29
4650506,iPhone 15 128GB | Chính hãng VN/A,Apple,iPhone 15,6 GB,128 GB,17990000,17990000,In Stock,Active,cellphones.com.vn,6/21/2026 3:29
9584753,Samsung Galaxy S25 Ultra 12GB 256GB,Samsung,Samsung Galaxy S25 Ultra,12 GB,256 GB,26990000,26990000,In Stock,Active,cellphones.com.vn,6/21/2026 3:29
8582253,Xiaomi POCO F8 Pro 5G 12GB 256GB,Xiaomi,Xiaomi POCO F8 Pro,12 GB,256 GB,14490000,14490000,In Stock,Active,cellphones.com.vn,6/21/2026 3:29
8246911,iPhone 17 256GB | Chính hãng,Apple,iPhone 17,N/A,256 GB,23990000,23990000,In Stock,Active,cellphones.com.vn,6/21/2026 3:30
4259914,HONOR X8d 8GB 128GB,HONOR,HONOR X8d,8 GB,128 GB,7090000,7090000,In Stock,Active,cellphones.com.vn,6/21/2026 3:30
3184640,Xiaomi Redmi Note 14 Pro Plus 5G 8GB 256GB,Xiaomi,Xiaomi Redmi Note 14 Pro Plus,8 GB,256 GB,7990000,7990000,In Stock,Active,cellphones.com.vn,6/21/2026 3:30
5336378,iPhone 17 Pro Max 256GB | Chính hãng,Apple,iPhone 17 Pro Max,N/A,256 GB,35990000,35990000,In Stock,Active,cellphones.com.vn,6/21/2026 3:30
5977187,Xiaomi 17 Ultra 5G 16GB 512GB,Xiaomi,Xiaomi 17 Ultra,16 GB,512 GB,32690000,32690000,In Stock,Active,cellphones.com.vn,6/21/2026 3:30
895496,Điện thoại Itel P55 Plus NFC 8GB 256GB,Itel,Điện thoại Itel P55 Plus,8 GB,256 GB,2990000,2990000,In Stock,Active,cellphones.com.vn,6/21/2026 3:30
4339360,TECNO Spark 50 4GB 128GB,Tecno,TECNO Spark 50,4 GB,128 GB,4290000,4290000,In Stock,Active,cellphones.com.vn,6/21/2026 3:30
4849641,Nothing Phone 2A Plus 5G 12GB 256GB,Nothing,Nothing Phone 2A Plus,12 GB,256 GB,7690000,7690000,In Stock,Active,cellphones.com.vn,6/21/2026 3:30
509184,Xiaomi 15 5G 12GB 512GB,Xiaomi,Xiaomi 15,12 GB,512 GB,18990000,18990000,In Stock,Active,cellphones.com.vn,6/21/2026 3:30
9250775,Samsung Galaxy S26 Ultra 5G 12GB 256GB,Samsung,Samsung Galaxy S26 Ultra,12 GB,256 GB,30290000,30290000,In Stock,Active,cellphones.com.vn,6/21/2026 3:30
7030198,POCO X8 Pro Max 12GB 256GB,Xiaomi,POCO X8 Pro Max,12 GB,256 GB,14290000,14290000,In Stock,Active,cellphones.com.vn,6/21/2026 3:30
9499252,Samsung Galaxy S25 Plus 256GB,Samsung,Samsung Galaxy S25 Plus,12 GB,256 GB,19990000,19990000,In Stock,Active,cellphones.com.vn,6/21/2026 3:30
4221447,HONOR X6c 6GB 128GB NFC,HONOR,HONOR X6c,6 GB,128 GB,4390000,4390000,In Stock,Active,cellphones.com.vn,6/21/2026 3:30
2335214,Samsung Galaxy A17 5G 8GB 128GB,Samsung,Samsung Galaxy A17,8 GB,128 GB,5850000,5850000,In Stock,Active,cellphones.com.vn,6/21/2026 3:30
9420184, Xiaomi 15 Ultra 5G 16GB 1TB ,Xiaomi,Xiaomi 15 Ultra,16 GB,1 TB,27990000,27990000,In Stock,Active,cellphones.com.vn,6/21/2026 3:30
6477554,Samsung Galaxy A06 5G 4GB 128GB,Samsung,Samsung Galaxy A06,4 GB,128 GB,2590000,2590000,In Stock,Active,cellphones.com.vn,6/21/2026 3:30
8921748,Samsung Galaxy A57 5G 8GB 128GB,Samsung,Samsung Galaxy A57,8 GB,128 GB,10990000,10990000,In Stock,Active,cellphones.com.vn,6/21/2026 3:30
9921186,Samsung Galaxy A37 5G 8GB 128GB,Samsung,Samsung Galaxy A37,8 GB,128 GB,9300000,9300000,In Stock,Active,cellphones.com.vn,6/21/2026 3:30
59002,Điện thoại iPhone 16 Pro Max 256GB,Apple,Điện thoại iPhone 16 Pro Max,8 GB,256 GB,30990000,30990000,In Stock,Active,cellphones.com.vn,6/21/2026 3:30
445338,OPPO Find N6 16GB 512GB,OPPO,OPPO Find N6,16 GB,512 GB,64990000,64990000,In Stock,Active,cellphones.com.vn,6/21/2026 3:30
8962525,HONOR X9d 5G 12GB 256GB,HONOR,HONOR X9d,12 GB,256 GB,10990000,10990000,In Stock,Active,cellphones.com.vn,6/21/2026 3:31
8462319,iPhone Air 256GB | Chính hãng,Apple,iPhone Air,N/A,256 GB,22890000,22890000,In Stock,Active,cellphones.com.vn,6/21/2026 3:31
80667,HONOR 600 5G 8GB 256GB,HONOR,HONOR 600,8 GB,256 GB,15990000,15990000,In Stock,Active,cellphones.com.vn,6/21/2026 3:31
